Variable / Field Name,Form Name,Form Display Name,Section Header,Allow,multipleChoice,Field Type,Field Label,"Choices, Calculations, OR Slider Labels",Field Note,Text Validation Type OR Show Slider Number,Text Validation Min,Text Validation Max,Identifier?,Branching Logic (Show field only if...),Required Field?,Custom Alignment,Question Number (surveys only),Matrix Group Name,Matrix Ranking?,Field Annotation
seperation_anxiety_title,separation_anxiety,Separation Anxiety,,,,descriptive,## Seperation Anxiety,,,,,,,,,,,,,
csep0,separation_anxiety,Separation Anxiety,Symptoms,,,descriptive,Earlier you told me that you worried about your parents or grown-ups who took care of you. I'd now like to ask you some more questions about that. ,,,,,,,,,,,,,
dcsep001,separation_anxiety,Separation Anxiety,,autoAdvance,,radio,"During this time, who did you have trouble being away from?","1, Mom | 2, Dad | 3, Both | 4, Other Adult",,,,,,,,RH,,,,
dcsep002,separation_anxiety,Separation Anxiety,,,,text,Specify (Other):,,,,,,,[dcsep001] = '4',,RH,,,,
dcsep003,separation_anxiety,Separation Anxiety,,,,notes,Describe:,,,,,,,,,LH,,,,
dcsep004,separation_anxiety,Separation Anxiety,,autoAdvance,,radio,"During that time: \r\n\r\n Did you feel really scared, upset or worried when you were away from (attachment figure(s))?  \r\n\r\n _INTERVIEWER: Code yes only if excessive; If reported before age 6, must be of panic proportions._","0, No | 1, Yes | 9, Unknown",,,,,,,,,,dcsep004,,
dcsep005,separation_anxiety,Separation Anxiety,,autoAdvance,,radio,Did you worry that something bad might happen to your (attachment figure(s))?,"0, No | 1, Yes | 9, Unknown",,,,,,,,,,dcsep004,,
dcsep007,separation_anxiety,Separation Anxiety,,,,notes,What did you think might happen?,,,,,,,[dcsep005] = '1',,LH,,,,
dcsep008,separation_anxiety,Separation Anxiety,,autoAdvance,,radio,Did you ever worry that she/he might leave and not come back?,"0, No | 1, Yes | 9, Unknown",,,,,,,,,,dcsep008,,
dcsep009,separation_anxiety,Separation Anxiety,,autoAdvance,,radio,"Did you worry that something bad might happen to you so you couldn't see your (attachment figure(s)) again, like getting lost or kidnapped?                    ","0, No | 1, Yes | 9, Unknown",,,,,,,,,,dcsep008,,
dcsep010,separation_anxiety,Separation Anxiety,,autoAdvance,,radio,"When you knew that you were going to be away from home or (attachment figure(s)), did you get very upset and worry?  ","0, No | 1, Yes | 9, Unknown",,,,,,,,,,dcsep008,,
dcsep011,separation_anxiety,Separation Anxiety,,autoAdvance,,radio,Did you feel so nervous or afraid to go to school that you wouldn't go or you had to be forced to go?     ,"0, No | 1, Yes | 9, Unknown",,,,,,,,,,dcsep008,,
dcsep012,separation_anxiety,Separation Anxiety,,autoAdvance,,radio,Was this because you wanted to stay with your (attachment figure(s))?,"0, No | 1, Yes | 9, Unknown",,,,,,[dcsep011] = '1',,,,dcsep008,,
dcsep013,separation_anxiety,Separation Anxiety,,autoAdvance,,radio,Was this only during the first few days of school?,"0, No | 1, Yes | 9, Unknown",,,,,,[dcsep011] = '1',,,,dcsep008,,
dcsep014,separation_anxiety,Separation Anxiety,,autoAdvance,,radio,Did your (attachment figure(s)) ever stay with you in school? ,"0, No | 1, Yes | 9, Unknown",,,,,,,,,,dcsep008,,
dcsep015,separation_anxiety,Separation Anxiety,,autoAdvance,,radio,Were there any other places you would not go because you are afraid to be away from (attachment figure)?,"0, No | 1, Yes | 9, Unknown",,,,,,,,,,dcsep008,,
dcsep016,separation_anxiety,Separation Anxiety,,autoAdvance,,radio,Did you need your (attachment figure(s)) to stay with you while you fell asleep?       ,"0, No | 1, Yes | 9, Unknown",,,,,,,,,,dcsep008,,
dcsep017,separation_anxiety,Separation Anxiety,,autoAdvance,,radio,Was it hard for you to sleep away from home without (attachment figure(s))?  ,"0, No | 1, Yes | 9, Unknown",,,,,,,,,,dcsep008,,
dcsep018,separation_anxiety,Separation Anxiety,,autoAdvance,,radio,"When you were at home with your (attachment figure(s)), were you scared of being alone in your room or any place in the house? For example, if you were in your room and your parents (attachment figure) were in the kitchen, did you go to the kitchen to be with your (attachment figure)? ","0, No | 1, Yes | 9, Unknown",,,,,,,,,,dcsep008,,
dcsep019,separation_anxiety,Separation Anxiety,,autoAdvance,,radio,Did you have a lot of bad dreams about getting hurt or about something bad happening so you couldn't see your (attachment figure(s))?           ,"0, No | 1, Yes | 9, Unknown",,,,,,,,,,dcsep008,,
dcsep020,separation_anxiety,Separation Anxiety,,autoAdvance,,radio,"Did you get sick to your stomach, have headaches, or throw-up when your (attachment figure) had to go out without you?","0, No | 1, Yes | 9, Unknown",,,,,,,,,,dcsep008,,
csep2,separation_anxiety,Separation Anxiety,,,,descriptive,_INTERVIEWER: The participant did not endorse any fear/worries. End **Separation Anxiety** Section._,"1, End Section",,,,,,[dcsep004] = '0' and [dcsep005] = '0'  and [dcsep008] = '0' and [dcsep009] = '0'  and [dcsep010] = '0' and [dcsep011] = '0'  and [dcsep014] = '0'  and [dcsep015] = '0'  and [dcsep016] = '0'  and [dcsep017] = '0'  and [dcsep018] = '0'  and [dcsep019] = '0'  and [dcsep020] = '0',,,,,,
dcsep021,separation_anxiety,Separation Anxiety,,autoAdvance,,radio,Did you have this/these on school days?,"0, No | 1, Yes | 9, Unknown",,,,,,[dcsep020] = '1',,,,dcsep021,,
dcsep022,separation_anxiety,Separation Anxiety,,autoAdvance,,radio,Did you have this/these on weekends too?               ,"0, No | 1, Yes | 9, Unknown",,,,,,[dcsep020] = '1',,,,dcsep021,,
dcsep023,separation_anxiety,Separation Anxiety,,autoAdvance,,radio,"Was there always something to explain these (nausea/headaches), like a cold or flu or swollen tonsils?               ","0, No | 1, Yes | 9, Unknown",,,,,,[dcsep020] = '1',,,,dcsep021,,
dcsep024,separation_anxiety,Separation Anxiety,,autoAdvance,,radio,Do you think you worried about these/this thing(s) (list endorsed symptoms) too much or more than you should?,"0, No | 1, Yes | 9, Unknown",,,,,,[csep2] != 1,,,,dcsep024,,
dcsep025,separation_anxiety,Separation Anxiety,,autoAdvance,,radio,Did you worry about these things more than children your age? ,"0, No | 1, Yes | 9, Unknown",,,,,,[csep2] != 1,,,,dcsep024,,
dcsep026,separation_anxiety,Separation Anxiety,,autoAdvance,,radio,"You mentioned (one, two, several) worries about being away from (attachment figure(s)).  When these worries were the worst, how often did you have them?","1, Less than half the days | 2, About half the days | 3, Most days | 4, Every day | 9, Don't know",,,,,,[csep2] != 1,,LH,,,,
csep4,separation_anxiety,Separation Anxiety,Distress/Impairment,,,descriptive,"Please look at Participant Card 8: Distress/Impairment. \r\n\r\n _INTERVIEWER: Remind child how to use scale, if necessary._",,,,,,,[csep2] != 1,,,,,,
dcsep027,separation_anxiety,Separation Anxiety,Distress,,,dropdown,How much did having these worries (about the attachment figure) upset or bother you? Please rate on scale.,"0, 0 | 1, 1 | 2, 2 | 3, 3 | 4, 4 | 5, 5 | 6, 6 | 7, 7 | 8, 8 | 9, 9 | 10, 10 | 998, Unknown ",CODE RESPONSE,autocomplete,0,10,,[csep2] != 1,,,,,,
dcsep028,separation_anxiety,Separation Anxiety,Impairment,,,dropdown,"How much did the worries you have told me about cause problems for you at home, at school, or with your family or friends?  ","0, 0 | 1, 1 | 2, 2 | 3, 3 | 4, 4 | 5, 5 | 6, 6 | 7, 7 | 8, 8 | 9, 9 | 10, 10 | 998, Unknown ",CODE RESPONSE,autocomplete,0,10,,[csep2] != 1,,,,,,
dcsep029,separation_anxiety,Separation Anxiety,,autoAdvance,,radio,Did you stay home from school because of these worries about (the attachment figure)?,"0, No | 1, Yes | 9, Unknown",,,,,,[csep2] != 1,,RH,,,,
dcsep030,separation_anxiety,Separation Anxiety,,,,text,How many days of school did you miss? (lifetime),,DAYS,number,,,,[dcsep029] = '1',,,,,,
dcsep031,separation_anxiety,Separation Anxiety,Episodes: Onset,,,text,How old were you the first time you had these worries?,,AGE,autocomplete,,,,[csep2] != 1,,RH,,,,
dcsep032,separation_anxiety,Separation Anxiety,Episodes: Offset,autoAdvance,,radio,Do you have these worries now?,"0, No | 1, Yes | 9, Unknown",,,,,,[csep2] != 1,,RH,,,,
dcsep033,separation_anxiety,Separation Anxiety,,,,text,How old were you the last time you had these worries?,,AGE,autocomplete,,,,[dcsep032] = '0',,,,,,
dcsep034,separation_anxiety,Separation Anxiety,Episodes: Course,autoAdvance,,radio,"Since you were (age of onset), was there ever a time when you were not worried about being apart from (attachment figure(s))?","0, No | 1, Yes | 9, Unknown",,,,,,[csep2] != 1,,RH,,,,
csep11,separation_anxiety,Separation Anxiety,,,,text,"What was the longest period of time that you did not worry about this? \r\n\r\n _(N weeks, N months, N years)_",,,,,,,[dcsep034] = '1',,,,,,
dcsep038,separation_anxiety,Separation Anxiety,Help-Seeking Treatment (Lifetime),autoAdvance,,radio,"Did anyone, like a teacher or family member, suggest that you get help for these symptoms? ","0, No | 1, Yes | 9, Unknown",,,,,,[csep2] != 1,,,,dcsep038,,
dcsep039,separation_anxiety,Separation Anxiety,,autoAdvance,,radio,"Did you ever go to see a doctor, nurse, psychologist, social worker, school counselor, minister/priest or other professional to get help for (list symptoms)?","0, No | 1, Yes | 9, Unknown",,,,,,[csep2] != 1,,,,dcsep038,,
csep14,separation_anxiety,Separation Anxiety,,,,descriptive,"What kind of person/people did you get help from? \r\n\r\n _INTERVIEWER: Refer to Participant Card 13 (Professional/Treatment), record and code responses on the following screens._",,,,,,,[dcsep039] = '1',,,,,,
dcsep040,separation_anxiety,Separation Anxiety,,dontKnow,,text,Specify (Professional/Treatment 1):,,PROFESSIONAL/TREATMENT,,,,,[dcsep039] = '1',,,,,,
dcsep041,separation_anxiety,Separation Anxiety,,dontKnow,,text,Code (Professional/Treatment 1):,,CODE RESPONSE,number,,,,[dcsep039] = '1',,,,,,
dcsep042,separation_anxiety,Separation Anxiety,,dontKnow,,text,Specify (Professional/Treatment 2):,,PROFESSIONAL/TREATMENT,,,,,[dcsep039] = '1',,,,,,
dcsep043,separation_anxiety,Separation Anxiety,,dontKnow,,text,Code (Professional/Treatment 2):,,CODE RESPONSE,number,,,,[dcsep039] = '1',,,,,,
dcsep044,separation_anxiety,Separation Anxiety,,dontKnow,,text,Specify (Professional/Treatment 3):,,PROFESSIONAL/TREATMENT,,,,,[dcsep039] = '1',,,,,,
dcsep045,separation_anxiety,Separation Anxiety,,dontKnow,,text,Code (Professional/Treatment 3):,,CODE RESPONSE,number,,,,[dcsep039] = '1',,,,,,
dcsep047,separation_anxiety,Separation Anxiety,,,,text,"_INTERVIEWER: If you listed multiple people, ask this question. If not, **Skip**:_ \r\n\r\n Who did you get help from the first time? \r\n\r\n Specify (Professional/Treatment):",,PROFESSIONAL/TREATMENT,,,,,[dcsep039] = '1',,,,,,
dcsep048,separation_anxiety,Separation Anxiety,,,,text,Code (Professional/Treatment):,,CODE RESPONSE,number,,,,[dcsep039] = '1',,,,,,
dcsep049,separation_anxiety,Separation Anxiety,,,,text,How old were you the first time you got help?,,AGE,autocomplete,,,,[dcsep039] = '1',,,,,,
dcsep050,separation_anxiety,Separation Anxiety,,autoAdvance,,radio,Are you getting help now?,"0, No | 1, Yes | 9, Unknown",,,,,,[dcsep039] = '1',,RH,,,,
dcsep051,separation_anxiety,Separation Anxiety,,,,text,"If no, how old were you the last time you got help?",,AGE,autocomplete,,,,[dcsep050] = '0',,,,,,
dcsep052,separation_anxiety,Separation Anxiety,,,,notes,What did the professional say that you had (diagnoses given)? List:,,,,,,,[dcsep039] = '1',,LH,,,,
csep16,separation_anxiety,Separation Anxiety,,,1,checkbox,What kind of treatment(s) have you gotten? _(Check all that apply)_,"1, Out-patient (Going to see someone in an office) | 2, In-patient (Staying in a hospital) | 3, Other",,,,,,[dcsep039] = '1',,,,,,
dcsep056,separation_anxiety,Separation Anxiety,,,,notes,Specify (Other treatment):,,,,,,,[dcsep055] .inludes(3),,LH,,,,
dcsep057,separation_anxiety,Separation Anxiety,,autoAdvance,,radio,"Were you on medications? \r\n\r\n _INTERVIEWER: Refer to Participant Card 9 (Medications), record and code responses in the following screens._","0, No | 1, Yes | 9, Unknown",,,,,,[dcsep039] = '1',,RH,,,,
dcsep058,separation_anxiety,Separation Anxiety,,dontKnow,,text,Specify (Medication 1):,,MEDICATION,,,,,[dcsep057] = '1',,,,,,
dcsep059,separation_anxiety,Separation Anxiety,,dontKnow,,text,Code (Medication 1):,,CODE RESPONSE,number,,,,[dcsep057] = '1',,,,,,
dcsep060,separation_anxiety,Separation Anxiety,,dontKnow,,text,Specify (Medication 2):,,MEDICATION,,,,,[dcsep057] = '1',,,,,,
dcsep061,separation_anxiety,Separation Anxiety,,dontKnow,,text,Code (Medication 2):,,CODE RESPONSE,number,,,,[dcsep057] = '1',,,,,,
dcsep062,separation_anxiety,Separation Anxiety,,dontKnow,,text,Specify (Medication 3):,,MEDICATION,,,,,[dcsep057] = '1',,,,,,
dcsep063,separation_anxiety,Separation Anxiety,,dontKnow,,text,Code (Medication 3):,,CODE RESPONSE,number,,,,[dcsep057] = '1',,,,,,
dcsep064,separation_anxiety,Separation Anxiety,,dontKnow,,text,Specify (Medication 4):,,MEDICATION,,,,,[dcsep057] = '1',,,,,,
dcsep065,separation_anxiety,Separation Anxiety,,dontKnow,,text,Code (Medication 4):,,CODE RESPONSE,number,,,,[dcsep057] = '1',,,,,,
csep_end,separation_anxiety,Separation Anxiety,,,,descriptive,_INTERVIEWER: END of **Social Anxiety** section_,,,,,,,,,,,,,
panic_disorder_title,panic_disorder,Panic Disorder,,,,,## Panic Disorder,,,,,,,,,,,,,
cpan0,panic_disorder,Panic Disorder,Symptoms,,,descriptive,Earlier you told me that you have had (an anxiety attack/anxiety attacks).  I'd like to ask you more about that/these.,,,,,,,,,,,,,
dcpan001,panic_disorder,Panic Disorder,,autoAdvance,,radio,"(During the worst times) when you suddenly felt very scared, anxious, or uncomfortable, did you have any physical feelings, like: \r\n\r\n Trouble breathing?","0, No | 1, Yes | 9, Unknown",,,,,,,,,,dcpan001,,
dcpan002,panic_disorder,Panic Disorder,,autoAdvance,,radio,You were suffocating or smothering?,"0, No | 1, Yes | 9, Unknown",,,,,,,,,,dcpan001,,
dcpan003,panic_disorder,Panic Disorder,,autoAdvance,,radio,Your heart beating very fast or extra hard?,"0, No | 1, Yes | 9, Unknown",,,,,,,,,,dcpan001,,
dcpan004,panic_disorder,Panic Disorder,,autoAdvance,,radio,Your chest hurting or feeling tight?,"0, No | 1, Yes | 9, Unknown",,,,,,,,,,dcpan001,,
dcpan005,panic_disorder,Panic Disorder,,autoAdvance,,radio,You were choking?,"0, No | 1, Yes | 9, Unknown",,,,,,,,,,dcpan001,,
dcpan006,panic_disorder,Panic Disorder,,autoAdvance,,radio,Your mouth feeling dry?,"0, No | 1, Yes | 9, Unknown",,,,,,,,,,dcpan001,,
dcpan007,panic_disorder,Panic Disorder,,autoAdvance,,radio,"Feeling dizzy, light-headed, or like things were spinning?","0, No | 1, Yes | 9, Unknown",,,,,,,,,,dcpan001,,
dcpan008,panic_disorder,Panic Disorder,,autoAdvance,,radio,Feeling like you were going to faint or pass out?,"0, No | 1, Yes | 9, Unknown",,,,,,,,,,dcpan001,,
dcpan009,panic_disorder,Panic Disorder,,autoAdvance,,radio,"Feeling like the things around you were not real, like you're in a dream?","0, No | 1, Yes | 9, Unknown",,,,,,,,,,dcpan001,,
dcpan010,panic_disorder,Panic Disorder,,autoAdvance,,radio,"Feeling that you were not real, like you were not really controlling your body or you were watching a movie of yourself?","0, No | 1, Yes | 9, Unknown",,,,,,,,,,dcpan001,,
dcpan011,panic_disorder,Panic Disorder,,autoAdvance,,radio,Your hands or feet tingling or feeling numb?,"0, No | 1, Yes | 9, Unknown",,,,,,,,,,dcpan001,,
dcpan012,panic_disorder,Panic Disorder,,autoAdvance,,radio,Sweating or your hands feeling wet?,"0, No | 1, Yes | 9, Unknown",,,,,,,,,,dcpan001,,
dcpan013,panic_disorder,Panic Disorder,,autoAdvance,,radio,"A stomachache, nausea, diarrhea, or feeling like you were going to throw up or had to go to the bathroom?","0, No | 1, Yes | 9, Unknown",,,,,,,,,,dcpan001,,
dcpan014,panic_disorder,Panic Disorder,,autoAdvance,,radio,Shaking or trembling?,"0, No | 1, Yes | 9, Unknown",,,,,,,,,,dcpan001,,
dcpan015,panic_disorder,Panic Disorder,,autoAdvance,,radio,You were afraid you were going crazy?,"0, No | 1, Yes | 9, Unknown",,,,,,,,,,dcpan001,,
dcpan016,panic_disorder,Panic Disorder,,autoAdvance,,radio,Losing control?,"0, No | 1, Yes | 9, Unknown",,,,,,,,,,dcpan001,,
dcpan017,panic_disorder,Panic Disorder,,autoAdvance,,radio,Feeling very hot?,"0, No | 1, Yes | 9, Unknown",,,,,,,,,,dcpan001,,
dcpan018,panic_disorder,Panic Disorder,,autoAdvance,,radio,Feeling very cold?,"0, No | 1, Yes | 9, Unknown",,,,,,,,,,dcpan001,,
dcpan019,panic_disorder,Panic Disorder,,autoAdvance,,radio,You were afraid you were going to die?,"0, No | 1, Yes | 9, Unknown",,,,,,,,,,dcpan001,,
cpan1,panic_disorder,Panic Disorder,,autoAdvance,,radio,_INTERVIEWER: The participant did not endorse any symtoms. End **Panic Disorder** Section._,"1, End Section",,,,,,[dcpan001] = '0' and [dcpan002] = '0' and [dcpan003] = '0' and [dcpan004] = '0' and [dcpan005] = '0' and [dcpan006] = '0' and [dcpan007] = '0' and [dcpan008] = '0' and [dcpan009] = '0' and [dcpan010] = '0' and [dcpan011] = '0' and [dcpan012] = '0' and [dcpan013] = '0' and [dcpan014] = '0' and [dcpan015] = '0' and [dcpan016] = '0' and [dcpan017] = '0' and [dcpan018] = '0' and [dcpan019] = '0',,,,,,
dcpan020,panic_disorder,Panic Disorder,Attack Characteristics,autoAdvance,,radio,"Did (list endorsed symptoms) start within the same few minutes, like around the same time?","0, No | 1, Yes | 9, Unknown",,,,,,[cpan1] != 1,,RH,,,,
dcpan021,panic_disorder,Panic Disorder,,,,text,"For most of your attacks, how much time did it take to get from the beginning of the first feeling you told me about to most of the other feelings that you had? \r\n\r\n  _Probe: Was it really fast or did it take a long time? You may have to probe to see if child has concept of 10 minute duration._ \r\n\r\n _(N minutes, N hours)_ ",,,number,,,,[cpan1] != 1,,,,,,
dcpan021_a,panic_disorder,Panic Disorder,,autoAdvance,,radio,_INTERVIEWER: Was the reported duration **greater** than 10 minutes?,"0, No | 1, Yes",,,,,,,,,,,,
dcpan022,panic_disorder,Panic Disorder,,autoAdvance,,radio,Have you ever had an attack that took **less** than 10 minutes from the beginning of the first feeling to most of the other feelings you had?,"0, No | 1, Yes | 9, Unknown",,,,,,[dcpan021_a]  = 1,,,,dcpan022,,
dcpan023,panic_disorder,Panic Disorder,,autoAdvance,,radio,"Did the attack/any of the attacks ever occur 'out of the blue' when nothing scary was happening, or when you least expected (it/them)?","0, No | 1, Yes | 9, Unknown",,,,,,[cpan1] != 1,,,,dcpan022,,
dcpan024,panic_disorder,Panic Disorder,,autoAdvance,,radio,Have you woken up because of a panic attack or had one when you were sleeping?,"0, No | 1, Yes | 9, Unknown",,,,,,[cpan1] != 1,,,,dcpan022,,
dcpan025,panic_disorder,Panic Disorder,,,,notes,Please describe the attack that awakened you.  Were you having a bad dream at the time? What woke you up? How were you feeling when you woke up?,,,,,,,[dcpan024] = '1',,LH,,,,
dcpan026,panic_disorder,Panic Disorder,,autoAdvance,,radio,"Have you ever had an attack from having feelings that remind you of your attacks, like being out of breath when playing sports or while running around? \r\n\r\n _INTERVIEWER: You may have to explain this in more detail to younger children_","0, No | 1, Yes | 9, Unknown",,,,,,[cpan1] != 1,,RH,,,,
dcpan027,panic_disorder,Panic Disorder,,autoAdvance,,radio,How often did you stay away from activities that remind you of these feelings?,"0, Never | 1, Rarely | 2, Sometimes | 3, Most of the time | 4, All the time | 9, Unknown",,,,,,[dcpan026] = '1',,LH,,,,
dcpan028,panic_disorder,Panic Disorder,Anxiety About Attacks,autoAdvance,,radio,"After an attack like this, did you ever worry that it would happen again?","0, No | 1, Yes | 9, Unknown",,,,,,[cpan1] != 1,,RH,,,,
dcpan029,panic_disorder,Panic Disorder,,autoAdvance,,radio,How often did you worry?,"0, Never/not at all | 1, Sometimes/some days | 2, Always/almost every day | 9, Unknown",,,,,,[dcpan028] = '1',,LH,,,,
dcpan030,panic_disorder,Panic Disorder,,autoAdvance,,radio,"Did having these attacks make you worry that there was something wrong with your heart, your mind or some other part of your body?","0, No | 1, Yes | 9, Unknown",,,,,,[cpan1] != 1,,,,dcpan030,,
dcpan031,panic_disorder,Panic Disorder,,autoAdvance,,radio,Did having this/these attack(s) make you worry that you were going crazy or losing control?,"0, No | 1, Yes | 9, Unknown",,,,,,[cpan1] != 1,,,,dcpan030,,
cpan3a,panic_disorder,Panic Disorder,,,,text,"For how long after an attack would you worry that these feelings (list symptoms) would come back? \r\n\r\n _(N days, N weeks)_",,,,,,,[dcpan030] = '1' or [dcpan031] = '1',,,,,,
cpan4,panic_disorder,Panic Disorder,,,,text,"What is the longest time after an attack that you worried it would happen again? (Probe: was it more than one month?) \r\n\r\n  _ (N days, N weeks)_",,,,,,,[dcpan030] = '1' or [dcpan031] = '1',,,,,,
dcpan037,panic_disorder,Panic Disorder,Avoidance Behavior,autoAdvance,,radio,_INTERVIEWER: You may have to probe for the right response in younger children._  \r\n\r\n (During the worst time) Did this/these attacks stop you from doing things or cause you to do things differently?,"0, No Avoidance | 1, Mild (no avoidance, endurance with dread only | 2, Moderate (activities limited) | 3, Severe (housebound)| 9, Unknown",,,,,,[cpan1] != 1,,,,dcpan037,,
dcpan038,panic_disorder,Panic Disorder,,autoAdvance,,radio,Did you stop going places by yourself?,"0, No Avoidance | 1, Mild (no avoidance, endurance with dread only | 2, Moderate (activities limited) | 3, Severe (housebound)| 9, Unknown",,,,,,[cpan1] != 1,,,,dcpan037,,
dcpan039,panic_disorder,Panic Disorder,,autoAdvance,,radio,"Would you go places with your mom, dad, a friend or someone else?","0, No Avoidance | 1, Mild (no avoidance, endurance with dread only | 2, Moderate (activities limited) | 3, Severe (housebound)| 9, Unknown",,,,,,[cpan1] != 1,,,,dcpan037,,
dcpan040,panic_disorder,Panic Disorder,Associated Conditions: Anxiety,autoAdvance,,radio,Did you only have this/these attack(s) when you were separated from your parents?,"0, No | 1, Yes | 9, Unknown",,,,,,[cpan1] != 1,,,,dcpan040,,
dcpan041,panic_disorder,Panic Disorder,,autoAdvance,,radio,Did you only have this/these attack(s) when you were in a very dangerous situation?,"0, No | 1, Yes | 9, Unknown",,,,,,[cpan1] != 1,,,,dcpan040,,
dcpan042,panic_disorder,Panic Disorder,,autoAdvance,,radio,"Did you have attacks only when other people were looking at you or listening to you, or you were the center of attention?","0, No | 1, Yes | 9, Unknown",,,,,,[cpan1] != 1,,,,dcpan040,,
dcpan043,panic_disorder,Panic Disorder,,autoAdvance,,radio,"Did you have attacks only when you saw something or you were in a situation that almost always makes you upset, nervous, or anxious such as heights or elevators (list specific phobias if they have any)?","0, No | 1, Yes | 9, Unknown",,,,,,[cpan1] != 1,,,,dcpan040,,
dcpan044,panic_disorder,Panic Disorder,,autoAdvance,,radio,Did you have attacks only when you felt trapped and unable to get away?,"0, No | 1, Yes | 9, Unknown",,,,,,[cpan1] != 1,,,,dcpan040,,
cpan8,panic_disorder,Panic Disorder,Alcohol and Drugs,autoAdvance,,radio, _INTERVIEWER: Is the participant 12 years or older?_,"0, No | 1, Yes",,,,,,[cpan1] != 1,,RH,,,,
dcpan045,panic_disorder,Panic Disorder,,autoAdvance,,radio,Did you only have attacks when you were using: \r\n\r\n Alcohol?,"0, No | 1, Yes | 9, Unknown",,,,,,[cpan8] = '1',,,,dcpan045,,
dcpan046,panic_disorder,Panic Disorder,,autoAdvance,,radio,"Cannabis (pot, marijuana)?","0, No | 1, Yes | 9, Unknown",,,,,,[cpan8] = '1',,,,dcpan045,,
dcpan047,panic_disorder,Panic Disorder,,autoAdvance,,radio,Caffeine?,"0, No | 1, Yes | 9, Unknown",,,,,,[cpan8] = '1',,,,dcpan045,,
dcpan048,panic_disorder,Panic Disorder,,autoAdvance,,radio,Tobacco/nictoine (cigarettes)?,"0, No | 1, Yes | 9, Unknown",,,,,,[cpan8] = '1',,,,dcpan045,,
dcpan049,panic_disorder,Panic Disorder,,autoAdvance,,radio,Other drugs?,"0, No | 1, Yes | 9, Unknown",,,,,,[cpan8] = '1',,,,dcpan045,,
cpan11,panic_disorder,Panic Disorder,Distress/Impairment,,,descriptive,"Please look at Participant Card 8: Distress/Impairment. \r\n\r\n _INTERVIEWER: Remind child how to use scale, if necessary._",,,,,,,[cpan1] != 1,,,,,,
dcpan053,panic_disorder,Panic Disorder,Distress,,,text,How much did having these attacks upset or bother you? ,"0, 0 | 1, 1 | 2, 2 | 3, 3 | 4, 4 | 5, 5 | 6, 6 | 7, 7 | 8, 8 | 9, 9 | 10, 10 | 998, Unknown ",CODE RESPONSE,autocomplete,0,10,,[cpan1] != 1,,,,,,
dcpan054,panic_disorder,Panic Disorder,Impairment,,,text,"How much did the attacks you have told me about cause problems for you at home, at school, or with your family or friends?","0, 0 | 1, 1 | 2, 2 | 3, 3 | 4, 4 | 5, 5 | 6, 6 | 7, 7 | 8, 8 | 9, 9 | 10, 10 | 998, Unknown ",CODE RESPONSE,autocomplete,0,10,,[cpan1] != 1,,,,,,
dcpan055,panic_disorder,Panic Disorder,,autoAdvance,,radio,Did you stay home from school because of your attacks?,"0, No | 1, Yes | 9, Unknown",,,,,,[cpan1] != 1,,RH,,,,
dcpan056,panic_disorder,Panic Disorder,,,,text,How many days of school did you miss? (lifetime),,DAYS,number,,,,[dcpan055] = '1',,,,,,
dcpan057,panic_disorder,Panic Disorder,Episodes/Course (Lifetime),,,text,How many attacks like this have you had in your life?,,ATTACKS,number,,,,[cpan1] != 1,,,,,,
dcpan057_a,panic_disorder,Panic Disorder,,autoAdvance,,radio,_INTERVIEWER: Did the participant have **more** than 1 attack over his/her lifetime?_,"0, No | 1, Yes",,,,,,,,,,,,
dcpan058,panic_disorder,Panic Disorder,Episodes: Onset,,,text,How old were you when you first had one of these attacks? ,,AGE,autocomplete,,,,[cpan1] != 1,,RH,,,,
dcpan059,panic_disorder,Panic Disorder,Episodes: Offset,,,text,"_INTERVIEWER: If only one attack, record the same age from previous question._ \r\n\r\n How old were you the last time you had one of these attacks? ",,AGE,autocomplete,,,,[cpan1] != 1,,,,,,
cpan15,panic_disorder,Panic Disorder,,autoAdvance,,radio,_INTERVIEWER: Did the participant have **more** than 1 attack over his/her lifetime?_,,,,,,,[dcpan057_a]  = 1,,,,,,
cpan18,panic_disorder,Panic Disorder,Episodes: Course,,,text,"Thinking about all of your panic attacks: \r\n\r\n What was the longest period of time that the attacks did not bother you? \r\n\r\n  _(N days, N weeks, N months)_ ",,,,,,,[dcpan057_a]  = 1,,,,,,
dcpan063,panic_disorder,Panic Disorder,,autoAdvance,,radio,"From your first to last panic attack (between ages) what was the pattern of your attacks, would you say:","1, Only had a few scattered over many years | 2, A few attacks per year for several years | 3, Many attacks per year spread out during the year | 4, Panic attacks clustered together over a brief period | 5, Many attacks per year that came in groups during the year | 9, Unknown",,,,,,[dcpan057_a]  = 1,,LV,,,,
dcpan064,panic_disorder,Panic Disorder,Help-Seeking Treatment (Lifetime),autoAdvance,,radio,"Did anyone, like a teacher or family member, suggest that you get help for these symptoms? ","0, No | 1, Yes | 9, Unknown",,,,,,[cpan1] != 1,,,,dcpan064,,
dcpan065,panic_disorder,Panic Disorder,,autoAdvance,,radio,"Did you ever go to see a doctor, nurse, psychologist, social worker, school counselor, minister/priest or other professional to get help for (list symptoms)?","0, No | 1, Yes | 9, Unknown",,,,,,[cpan1] != 1,,,,dcpan064,,
cpan21,panic_disorder,Panic Disorder,,,,descriptive,"What kind of person/people did you get help from? \r\n\r\n _INTERVIEWER: Refer to Participant Card 13 (Professional/Treatment), record and code responses on the following screens._",,,,,,,[dcpan065] = '1',,,,,,
dcpan066,panic_disorder,Panic Disorder,,dontKnow,,text,Specify (Professional/Treatment 1):,,PROFESSIONAL/TREATMENT,,,,,[dcpan065] = '1',,,,,,
dcpan067,panic_disorder,Panic Disorder,,dontKnow,,text,Code (Professional/Treatment 1):,,CODE RESPONSE,number,,,,[dcpan065] = '1',,,,,,
dcpan068,panic_disorder,Panic Disorder,,dontKnow,,text,Specify (Professional/Treatment 2):,,PROFESSIONAL/TREATMENT,,,,,[dcpan065] = '1',,,,,,
dcpan069,panic_disorder,Panic Disorder,,dontKnow,,text,Code (Professional/Treatment 2):,,CODE RESPONSE,number,,,,[dcpan065] = '1',,,,,,
dcpan070,panic_disorder,Panic Disorder,,dontKnow,,text,Specify (Professional/Treatment 3):,,PROFESSIONAL/TREATMENT,,,,,[dcpan065] = '1',,,,,,
dcpan071,panic_disorder,Panic Disorder,,dontKnow,,text,Code (Professional/Treatment 3):,,CODE RESPONSE,number,,,,[dcpan065] = '1',,,,,,
dcpan073,panic_disorder,Panic Disorder,,,,text,"_INTERVIEWER: If you listed multiple people, ask this question. If not, **Skip**:_ \r\n\r\n Who did you get help from the first time? \r\n\r\n Specify (Professional/Treatment):",,PROFESSIONAL/TREATMENT,,,,,[dcpan065] = '1',,,,,,
dcpan074,panic_disorder,Panic Disorder,,,,text,Code (Professional/Treatment):,,CODE RESPONSE,number,,,,[dcpan065] = '1',,,,,,
dcpan075,panic_disorder,Panic Disorder,,,,text,How old were you the first time you got help?,,AGE,autocomplete,,,,[dcpan065] = '1',,,,,,
dcpan076,panic_disorder,Panic Disorder,,autoAdvance,,radio,Are you getting help now?,"0, No | 1, Yes | 9, Unknown",,,,,,[dcpan065] = '1',,RH,,,,
dcpan077,panic_disorder,Panic Disorder,,,,text,"If no, how old were you the last time you got help?",,AGE,autocomplete,,,,[dcpan076] = '0',,,,,,
dcpan078,panic_disorder,Panic Disorder,,,,notes,What did the professional say that you had (diagnoses given)? List:,,,,,,,[dcpan065] = '1',,LH,,,,
cpan22,panic_disorder,Panic Disorder,,,1,checkbox,What kind of treatment(s) have you gotten? _(Check all that apply)_,"1, Out-patient (Going to see someone in an office) | 2, In-patient (Staying in a hospital) | 3, Going to the emergency room | 4, Other",,,,,,[dcpan065] = '1',,,,,,
dcpan083,panic_disorder,Panic Disorder,,,,notes,Specify (Other treatment):,,,,,,,[dcpan082] .includes(4),,LH,,,,
dcpan084,panic_disorder,Panic Disorder,,autoAdvance,,radio,"Were you on medications? \r\n\r\n _INTERVIEWER: Refer to Participant Card 9 (Medications), record and code responses in the following screens._","0, No | 1, Yes | 9, Unknown",,,,,,[dcpan065] = '1',,RH,,,,
dcpan085,panic_disorder,Panic Disorder,,dontKnow,,text,Specify (Medication 1):,,MEDICATION,,,,,[dcpan084] = '1',,,,,,
dcpan086,panic_disorder,Panic Disorder,,dontKnow,,text,Code (Medication 1):,,CODE RESPONSE,number,,,,[dcpan084] = '1',,,,,,
dcpan087,panic_disorder,Panic Disorder,,dontKnow,,text,Specify (Medication 2):,,MEDICATION,,,,,[dcpan084] = '1',,,,,,
dcpan088,panic_disorder,Panic Disorder,,dontKnow,,text,Code (Medication 2):,,CODE RESPONSE,number,,,,[dcpan084] = '1',,,,,,
dcpan089,panic_disorder,Panic Disorder,,dontKnow,,text,Specify (Medication 3):,,MEDICATION,,,,,[dcpan084] = '1',,,,,,
dcpan090,panic_disorder,Panic Disorder,,dontKnow,,text,Code (Medication 3):,,CODE RESPONSE,number,,,,[dcpan084] = '1',,,,,,
dcpan091,panic_disorder,Panic Disorder,,dontKnow,,text,Specify (Medication 4):,,MEDICATION,,,,,[dcpan084] = '1',,,,,,
dcpan092,panic_disorder,Panic Disorder,,dontKnow,,text,Code (Medication 4):,,CODE RESPONSE,number,,,,[dcpan084] = '1',,,,,,
cpan_end,panic_disorder,Panic Disorder,,,,descriptive,_INTERVIEWER: The participant did not endorse any fear/worries. End **Panic Disorder** Section._,,,,,,,,,,,,,
agoraphobia_title,agoraphobia,Agoraphobia,,,,descriptive,## Agoraphobia,,,,,,,,,,,,,
cagr0,agoraphobia,Agoraphobia,Symptoms,,,descriptive,Earlier you said that you have been very nervous or afraid of (list endorsed fears).  I'd now like to ask you more about (that/those).,,,,,,,,,,,,,
dcagr001,agoraphobia,Agoraphobia,,autoAdvance,,radio,Have you ever been very afraid of? \r\n\r\n 1) Riding in a car?,"0, No | 1, Yes | 9, Unknown",,,,,,,,,,dcagr001,,
dcagr002,agoraphobia,Agoraphobia,,autoAdvance,,radio,"2) Riding in a bus, train or subway?","0, No | 1, Yes | 9, Unknown",,,,,,,,,,dcagr001,,
dcagr003,agoraphobia,Agoraphobia,,autoAdvance,,radio,3) Going over bridges or through tunnels?,"0, No | 1, Yes | 9, Unknown",,,,,,,,,,dcagr001,,
dcagr004,agoraphobia,Agoraphobia,,autoAdvance,,radio,4) Being far from home or leaving familiar places?,"0, No | 1, Yes | 9, Unknown",,,,,,,,,,dcagr001,,
dcagr005,agoraphobia,Agoraphobia,,autoAdvance,,radio,5) Being in the house alone? (For younger children: Being alone in a room or in a different part of the house from your parents.),"0, No | 1, Yes | 9, Unknown",,,,,,,,,,dcagr001,,
dcagr006,agoraphobia,Agoraphobia,,,,notes,Describe (house alone): ,,,,,,,[dcagr005] = '1',,LH,,,,
dcagr007,agoraphobia,Agoraphobia,,autoAdvance,,radio,6)  Being in a room alone?,"0, No | 1, Yes | 9, Unknown",,,,,,,,,,dcagr007,,
dcagr008,agoraphobia,Agoraphobia,,autoAdvance,,radio,"7) Going outside of your house by yourself (i.e., to play)? \r\n\r\n _INTERVIEWER: Code NO if due to separation anxiety._","0, No | 1, Yes | 9, Unknown",,,,,,,,,,dcagr007,,
dcagr009,agoraphobia,Agoraphobia,,,,notes,Describe (going outside house alone):,,,,,,,[dcagr008] = '1',,LH,,,,
dcagr010,agoraphobia,Agoraphobia,,autoAdvance,,radio,8) Being in crowds or crowded places? ,"0, No | 1, Yes | 9, Unknown",,,,,,,,,,dcagr010,,
dcagr011,agoraphobia,Agoraphobia,,autoAdvance,,radio,9) Standing in line in a public place?,"0, No | 1, Yes | 9, Unknown",,,,,,,,,,dcagr010,,
dcagr012,agoraphobia,Agoraphobia,,autoAdvance,,radio,10) Being in stores or shopping malls?  ,"0, No | 1, Yes | 9, Unknown",,,,,,,,,,dcagr010,,
dcagr013,agoraphobia,Agoraphobia,,autoAdvance,,radio,11) Being in classrooms or cafeteria at school?,"0, No | 1, Yes | 9, Unknown",,,,,,,,,,dcagr010,,
dcagr014,agoraphobia,Agoraphobia,,autoAdvance,,radio,12) Being in a restaurant?,"0, No | 1, Yes | 9, Unknown",,,,,,,,,,dcagr010,,
dcagr015,agoraphobia,Agoraphobia,,autoAdvance,,radio,"13) Being in a movie theater or in a church, temple, or mosque?","0, No | 1, Yes | 9, Unknown",,,,,,,,,,dcagr010,,
dcagr016,agoraphobia,Agoraphobia,,autoAdvance,,radio,"14) Being in a wide, open field or street? ","0, No | 1, Yes | 9, Unknown",,,,,,,,,,dcagr010,,
dcagr017,agoraphobia,Agoraphobia,,autoAdvance,,radio,15) Being in a park or playground?,"0, No | 1, Yes | 9, Unknown",,,,,,,,,,dcagr010,,
dcagr018,agoraphobia,Agoraphobia,,autoAdvance,,radio,16) Anything else?,"0, No | 1, Yes | 9, Unknown",,,,,,,,,,dcagr010,,
dcagr019,agoraphobia,Agoraphobia,,,,text,Specify (Other):,,,,,,,[dcagr018] = '1',,RH,,,,
cagr1,agoraphobia,Agoraphobia,,autoAdvance,,radio,_INTERVIEWER: The participant did not endorse any fears. End **Agoraphobia** Section._,"1, End Section",,,,,,[dcagr001] = '0' and [dcagr002] = '0' and [dcagr003] = '0' and [dcagr004] = '0' and [dcagr005] = '0' and [dcagr007] = '0' and [dcagr008] = '0' and [dcagr010] = '0' and [dcagr011] = '0' and [dcagr012] = '0' and [dcagr013] = '0' and [dcagr014] = '0' and [dcagr015] = '0' and [dcagr016] = '0' and [dcagr017] = '0' and [dcagr018] = '0',,,,,,
cagr2,agoraphobia,Agoraphobia,,,,descriptive,"_INTERVIEWER:  Be sure to distinguish between Agoraphobia, Specific Phobias and Separation Anxiety here (e.g. if the child is fearful because he/she is away from his/her parent this suggests Separation Anxiety, not Agoraphobia). Key criterion for Agoraphobia are listed below under Nature of Fear._",,,,,,,[cagr1] != 1,,,,,,
dcagr020,agoraphobia,Agoraphobia,Nature of Fear,autoAdvance,,radio,"When you were in (this/these) situation(s) (list specifics from above), were  you ever afraid that: \r\n\r\n You might get trapped?","0, Never | 1, Sometimes | 2, Almost Always | 7, Not Applicable | 9, Unknown",,,,,,[cagr1] != 1,,,,dcagr020,,
dcagr021,agoraphobia,Agoraphobia,,autoAdvance,,radio,You couldn't escape?,"0, Never | 1, Sometimes | 2, Almost Always | 7, Not Applicable | 9, Unknown",,,,,,[cagr1] != 1,,,,dcagr020,,
dcagr022,agoraphobia,Agoraphobia,,autoAdvance,,radio,You wouldn't be able to get help if you needed it?,"0, Never | 1, Sometimes | 2, Almost Always | 7, Not Applicable | 9, Unknown",,,,,,[cagr1] != 1,,,,dcagr020,,
dcagr023,agoraphobia,Agoraphobia,,autoAdvance,,radio,It would be embarrassing to escape?,"0, Never | 1, Sometimes | 2, Almost Always | 7, Not Applicable | 9, Unknown",,,,,,[cagr1] != 1,,,,dcagr020,,
dcagr024,agoraphobia,Agoraphobia,,autoAdvance,,radio,Other?,"0, Never | 1, Sometimes | 2, Almost Always | 7, Not Applicable | 9, Unknown",,,,,,[cagr1] != 1,,,,dcagr020,,
dcagr025,agoraphobia,Agoraphobia,,,,text,Specify (Other): ,,,,,,,[dcagr024] = '1' or [dcagr024] = '2',,,,,,
cagr2_a,agoraphobia,Agoraphobia,,autoAdvance,,radio,"_INTERVIEWER: If no to all above, consider assessing under specific phobia and/or separation anxiety._","1, End Section | 2, Continue",,,,,,[dcagr020] = '0' and [dcagr021] = '0' and [dcagr022] = '0' and [dcagr023] = '0' and [dcagr024] = '0' ,,,,,,
dcagr026,agoraphobia,Agoraphobia,,,,notes,Why were you nervous or afraid in these situations? ,,,,,,,[cagr2_a] = 2,,LH,,,,
dcagr027,agoraphobia,Agoraphobia,,,,text,"_INTERVIEWER: List the worst situation below, refer to Participant Card 4: Other Fears._ \r\n\r\n Most distressing and avoided situation:",,,,,,,[cagr2_a] = 2,,,,,,
dcagr028,agoraphobia,Agoraphobia,,,,text,Code (Most distressing and avoided situation):,,CODE RESPONSE,number,1,15,,[cagr2_a] = 2,,,,,,
dcagr029,agoraphobia,Agoraphobia,Worst Fear Category,autoAdvance,,radio,"
I will now ask you about (your fear listed). When you were most afraid of (list fear): \r\n\r\n How often did you feel nervous or afraid (insert situation)? \r\n\r\n  _INTERVIEWER: Please read responses never, sometimes, almost always._ ","0, Never | 1, Sometimes | 2, Almost Always | 9, Unknown",,,,,,[cagr2_a] = 2,,LH,,,,
dcagr030,agoraphobia,Agoraphobia,,autoAdvance,,radio,Did this scare you too much? Do you think you were more scared than you should have been?,"0, No | 1, Yes | 9, Unknown",,,,,,[cagr2_a] = 2,,,,dcagr030,,
dcagr031,agoraphobia,Agoraphobia,,autoAdvance,,radio,Were you much more scared by this than other people your age?,"0, No | 1, Yes | 9, Unknown",,,,,,[cagr2_a] = 2,,,,dcagr030,,
dcagr032,agoraphobia,Agoraphobia,,autoAdvance,,radio,"When you have to do (fear), did you feel very nervous, scared, or upset?","0, No | 1, Yes | 9, Unknown",,,,,,[cagr2_a] = 2,,,,dcagr030,,
dcagr033,agoraphobia,Agoraphobia,,autoAdvance,,radio,"When you had to do (fear), did you become very nervous, scared or upset right away?","0, No | 1, Yes | 9, Unknown",,,,,,[cagr2_a] = 2,,,,dcagr030,,
dcagr034,agoraphobia,Agoraphobia,,autoAdvance,,radio,"When you had to do (fear), did your heart ever beat very fast, or did you feel sweaty or have trouble breathing?","0, No | 1, Yes | 9, Unknown",,,,,,[cagr2_a] = 2,,,,dcagr030,,
dcagr035,agoraphobia,Agoraphobia,,autoAdvance,,radio,"When you had to do (fear), did you feel like crying, losing your temper, or like you couldn't move around?","0, No | 1, Yes | 9, Unknown",,,,,,[cagr2_a] = 2,,,,dcagr030,,
dcagr036,agoraphobia,Agoraphobia,,autoAdvance,,radio,Did being afraid of (fear) keep you from doing things you should or wanted to do?,"0, No | 1, Yes | 9, Unknown",,,,,,[cagr2_a] = 2,,,,dcagr030,,
dcagr037a,agoraphobia,Agoraphobia,,dontKnow,,text,Example 1 (Things):,,,,,,,[dcagr036] = '1',,RH,,,,
dcagr037b,agoraphobia,Agoraphobia,,dontKnow,,text,Example 2 (Things):,,,,,,,[dcagr036] = '1',,RH,,,,
dcagr037c,agoraphobia,Agoraphobia,,dontKnow,,text,Example 3 (Things):,,,,,,,[dcagr036] = '1',,RH,,,,
dcagr038,agoraphobia,Agoraphobia,,autoAdvance,,radio,"Did you change your behavior in any way (e.g. any change in daily activities, such as avoiding going to theaters or shopping malls)?  ","0, No | 1, Yes | 9, Unknown",,,,,,[cagr2_a] = 2,,,,dcagr038,,
dcagr039,agoraphobia,Agoraphobia,,autoAdvance,,radio,Was this fear so upsetting that you tried to get out of doing (fear)?  ,"0, No | 1, Yes | 9, Unknown",,,,,,[cagr2_a] = 2,,,,dcagr038,,
dcagr040,agoraphobia,Agoraphobia,,autoAdvance,,radio,Did you have to force yourself to do (fear)?,"0, No | 1, Yes | 9, Unknown",,,,,,[cagr2_a] = 2,,,,dcagr038,,
dcagr041,agoraphobia,Agoraphobia,,autoAdvance,,radio,Did you start to get nervous as soon as you knew you had to face (fear)?,"0, No | 1, Yes | 9, Unknown",,,,,,[cagr2_a] = 2,,,,dcagr038,,
dcagr042,agoraphobia,Agoraphobia,,autoAdvance,,radio,"When you were with a parent or friend, did (fear) upset you as much? ","0, No | 1, Yes | 9, Unknown",,,,,,[cagr2_a] = 2,,,,dcagr038,,
dcagr043,agoraphobia,Agoraphobia,,autoAdvance,,radio,"When you were with a parent or friend, were you able to face (fear)?","0, No | 1, Yes | 9, Unknown",,,,,,[cagr2_a] = 2,,,,dcagr038,,
cagr9,agoraphobia,Agoraphobia,Distress/Impairment,,,descriptive,"Please look at Participant Card 8: Distress/Impairment. \r\n\r\n _INTERVIEWER: Remind child how to use scale, if necessary._",,,,,,,[cagr2_a] = 2,,,,,,
dcagr044,agoraphobia,Agoraphobia,Distress,,,dropdown,How much did having this fear upset or bother you? ,"0, 0 | 1, 1 | 2, 2 | 3, 3 | 4, 4 | 5, 5 | 6, 6 | 7, 7 | 8, 8 | 9, 9 | 10, 10 | 998, Unknown ",CODE RESPONSE,autocomplete,0,10,,[cagr2_a] = 2,,,,,,
dcagr045,agoraphobia,Agoraphobia,Impairment,,,dropdown,"How much did the fear you told me about cause problems for you at home, at school, or with your family or friends?  ","0, 0 | 1, 1 | 2, 2 | 3, 3 | 4, 4 | 5, 5 | 6, 6 | 7, 7 | 8, 8 | 9, 9 | 10, 10 | 998, Unknown ",CODE RESPONSE,autocomplete,0,10,,[cagr2_a] = 2,,,,,,
dcagr046,agoraphobia,Agoraphobia,,autoAdvance,,radio,Did you stay home from school because of your fear?,"0, No | 1, Yes | 9, Unknown",,,,,,[cagr2_a] = 2,,RH,,,,
cagr12,agoraphobia,Agoraphobia,,,,text,"How many days of school did you miss? (lifetime) \r\n\r\n _(N days, N weeks, N months)_",,,,,,,[dcagr046] = '1',,,,,,
dcagr050,agoraphobia,Agoraphobia,,autoAdvance,,radio,"Did you ever avoid going to fun activities/events like amusement parks, movies, or parties because of your fear?","0, No | 1, Yes | 9, Unknown",,,,,,[cagr2_a] = 2,,RH,,,,
dcagr051,agoraphobia,Agoraphobia,,,,text,How many times?,,TIMES,number,,,,[dcagr050] = '1',,,,,,
dcagr052,agoraphobia,Agoraphobia,Associated Conditions: Anxiety,autoAdvance,,radio,"Were you afraid of (fear) only when you were anxious or worried about something else, or when you were  having panic attacks? \r\n\r\n  _INTERVIEWER: Define panic attacks, as necessary._","0, No | 1, Yes | 7, N/A | 9, Unknown",,,,,,[cagr2_a] = 2,,RH,,dcagr052,,
dcagr053,agoraphobia,Agoraphobia,,autoAdvance,,radio,Were you afraid of (fear) only when you were separated from your parents?,"0, No | 1, Yes | 7, N/A | 9, Unknown",,,,,,[cagr2_a] = 2,,,,dcagr052,,
cagr16,agoraphobia,Agoraphobia,Episodes: Onset,,,text,"How old were you the **first time** you had these fears? (record age or ""always"")",,,,,,,[cagr2_a] = 2,,,,,,
dcagr056,agoraphobia,Agoraphobia,Episodes: Current,autoAdvance,,radio,Are you still afraid of (fear)?,"0, No | 1, Yes | 9, Unknown",,,,,,[cagr2_a] = 2,,RH,,,,
dcagr057,agoraphobia,Agoraphobia,Episodes: Offset,,,text,How old were you the **last time** you had this fear?,,AGE,autocomplete,,,,[dcagr056] = '0',,,,,,
dcagr058,agoraphobia,Agoraphobia,Episodes: Course,autoAdvance,,radio,"Since you were (age of onset), was there ever a time when you were not afraid of (fear)?","0, No | 1, Yes | 9, Unknown",,,,,,[cagr2_a] = 2,,RH,,,,
cagr19,agoraphobia,Agoraphobia,,,,text,"What was the longest period of time that (fear) did not bother you? \r\n\r\n _(N weeks, N months, N years)_",,,,,,,[dcagr058] = '1',,,,,,
dcagr062,agoraphobia,Agoraphobia,Help-Seeking Treatment (Lifetime),autoAdvance,,radio,"Did anyone, like a teacher or family member, suggest that you get help for these symptoms? ","0, No | 1, Yes | 9, Unknown",,,,,,[cagr2_a] = 2,,,,dcagr062,,
dcagr063,agoraphobia,Agoraphobia,,autoAdvance,,radio,"Did you ever go to see a doctor, nurse, psychologist, social worker, school counselor, minister/priest or other professional to get help for( list symptoms)?","0, No | 1, Yes | 9, Unknown",,,,,,[cagr2_a] = 2,,,,dcagr062,,
cagr22,agoraphobia,Agoraphobia,,,,descriptive,"What kind of person/people did you get help from? \r\n\r\n _INTERVIEWER: Refer to Participant Card 13 (Professional/Treatment), record and code responses on the following screens._",,,,,,,[dcagr063] = '1',,,,,,
dcagr064,agoraphobia,Agoraphobia,,dontKnow,,text,Specify (Professional/Treatment 1):,,PROFESSIONAL/TREATMENT,,,,,[dcagr063] = '1',,,,,,
dcagr065,agoraphobia,Agoraphobia,,dontKnow,,text,Code (Professional/Treatment 1):,,CODE RESPONSE,number,,,,[dcagr063] = '1',,,,,,
dcagr066,agoraphobia,Agoraphobia,,dontKnow,,text,Specify (Professional/Treatment 2):,,PROFESSIONAL/TREATMENT,,,,,[dcagr063] = '1',,,,,,
dcagr067,agoraphobia,Agoraphobia,,dontKnow,,text,Code (Professional/Treatment 2):,,CODE RESPONSE,number,,,,[dcagr063] = '1',,,,,,
dcagr068,agoraphobia,Agoraphobia,,dontKnow,,text,Specify (Professional/Treatment 3):,,PROFESSIONAL/TREATMENT,,,,,[dcagr063] = '1',,,,,,
dcagr069,agoraphobia,Agoraphobia,,dontKnow,,text,Code (Professional/Treatment 3):,,CODE RESPONSE,number,,,,[dcagr063] = '1',,,,,,
dcagr071,agoraphobia,Agoraphobia,,,,text,"_INTERVIEWER: If you listed multiple people, ask this question. If not, **Skip**:_ \r\n\r\n Who did you get help from the first time? \r\n\r\n Specify (Professional/Treatment):",,PROFESSIONAL/TREATMENT,,,,,[dcagr063] = '1',,,,,,
dcagr072,agoraphobia,Agoraphobia,,,,text,Code (Professional/Treatment):,,CODE RESPONSE,number,,,,[dcagr063] = '1',,,,,,
dcagr073,agoraphobia,Agoraphobia,,,,text,How old were you the first time you got help?,,AGE,autocomplete,,,,[dcagr063] = '1',,,,,,
dcagr074,agoraphobia,Agoraphobia,,autoAdvance,,radio,Are you getting help now?,"0, No | 1, Yes | 9, Unknown",,,,,,[dcagr063] = '1',,RH,,,,
dcagr075,agoraphobia,Agoraphobia,,,,text,"If no, how old were you the last time you got help?",,AGE,autocomplete,,,,[dcagr074] = '0',,,,,,
dcagr076,agoraphobia,Agoraphobia,,,,notes,What did the professional say that you had (diagnoses given)? List:,,,,,,,[dcagr063] = '1',,LH,,,,
cagr24,agoraphobia,Agoraphobia,,,1,checkbox,What kind of treatment(s) have you gotten? _(Check all that apply)_,"1, Out-patient (Going to see someone in an office) | 2, In-patient (Staying in a hospital) | 3, Other",,,,,,[dcagr063] = '1',,,,,,
dcagr080,agoraphobia,Agoraphobia,,,,notes,Specify (Other treatment):,,,,,,,[cagr24] .includes(3),,LH,,,,
dcagr081,agoraphobia,Agoraphobia,,autoAdvance,,radio,"Were you on medications? \r\n\r\n _INTERVIEWER: Refer to Participant Card 9 (Medications), record and code responses in the following screens._","0, No | 1, Yes | 9, Unknown",,,,,,[dcagr063] = '1',,RH,,,,
dcagr082,agoraphobia,Agoraphobia,,dontKnow,,text,Specify (Medication 1):,,MEDICATION,,,,,[dcagr081] = '1',,,,,,
dcagr083,agoraphobia,Agoraphobia,,dontKnow,,text,Code (Medication 1):,,CODE RESPONSE,number,,,,[dcagr081] = '1',,,,,,
dcagr084,agoraphobia,Agoraphobia,,dontKnow,,text,Specify (Medication 2):,,MEDICATION,,,,,[dcagr081] = '1',,,,,,
dcagr085,agoraphobia,Agoraphobia,,dontKnow,,text,Code (Medication 2):,,CODE RESPONSE,number,,,,[dcagr081] = '1',,,,,,
dcagr086,agoraphobia,Agoraphobia,,dontKnow,,text,Specify (Medication 3):,,MEDICATION,,,,,[dcagr081] = '1',,,,,,
dcagr087,agoraphobia,Agoraphobia,,dontKnow,,text,Code (Medication 3):,,CODE RESPONSE,number,,,,[dcagr081] = '1',,,,,,
dcagr088,agoraphobia,Agoraphobia,,dontKnow,,text,Specify (Medication 4):,,MEDICATION,,,,,[dcagr081] = '1',,,,,,
dcagr089,agoraphobia,Agoraphobia,,dontKnow,,text,Code (Medication 4):,,CODE RESPONSE,number,,,,[dcagr081] = '1',,,,,,
cagr_end,agoraphobia,Agoraphobia,,,,descriptive,_INTERVIEWER: END of **Agoraphobia** section_,,,,,,,,,,,,,
ocd_title,obsessive_compulsive_disorder,Obsessive Compulsive Disorder,,,,,## Obsessive Compulsive Disorder,,,,,,,,,,,,,
cocd0,obsessive_compulsive_disorder,Obsessive Compulsive Disorder,Genenral Probes: Obsessions,,,descriptive,"Earlier I asked you about thoughts or ideas that come into your head over and over again. I would like to ask you more about (that/those) now. Recurrent and persistent ideas, thoughts, impulses (initially experienced as intrusive and senseless).",,,,,,,,,,,,,
dcocd001,obsessive_compulsive_disorder,Obsessive Compulsive Disorder,,autoAdvance,,radio,"Have you ever been bothered by thoughts in your head, that come over and over again and won't go away, or that didn't make sense?  (Like silly words or ideas about harming others/self, germs, illness, need to have things an exact way or anything else the child said)","0, No | 1, Yes | 9, Unknown",,,,,,,,RH,,,,
dcocd002,obsessive_compulsive_disorder,Obsessive Compulsive Disorder,,autoAdvance,,radio,Did you try to push the thoughts away?,"0, No | 1, Yes | 9, Unknown",,,,,,,,RH,,,,
dcocd003,obsessive_compulsive_disorder,Obsessive Compulsive Disorder,,autoAdvance,,radio,"Have you ever been bothered by pictures in your mind that kept coming back, such as pictures of violent things, like people being hurt?","0, No | 1, Yes | 9, Unknown",,,,,,,,RH,,,,
dcocd004,obsessive_compulsive_disorder,Obsessive Compulsive Disorder,,autoAdvance,,radio,Did you worry a lot about getting an illness or bad disease?,"0, No | 1, Yes | 9, Unknown",,,,,,,,RH,,,,
dcocd005,obsessive_compulsive_disorder,Obsessive Compulsive Disorder,,,,notes,"What kind of thoughts, images or impulses have you had? \r\n\r\n _Interviewer: Not simply excessive worries about real life problems._",,,,,,,[dcocd001] = '1' or [dcocd002] = '1'  or [dcocd003] = '1' or  [dcocd004] = '1' ,,LH,,,,
dcocd006,obsessive_compulsive_disorder,Obsessive Compulsive Disorder,Specific Thoughts,autoAdvance,,radio,I would like to ask you about some thoughts that people sometimes have. Have you had thoughts about: \r\n\r\n Concern with harming others/self?,"0, No | 1, Yes | 9, Unknown",,,,,,[dcocd001] = '1' or [dcocd002] = '1'  or [dcocd003] = '1' or  [dcocd004] = '1' ,,RH,,,,
dcocd007,obsessive_compulsive_disorder,Obsessive Compulsive Disorder,,autoAdvance,,radio,"Pictures of violent things, like people being hurt?","0, No | 1, Yes | 9, Unknown",,,,,,[dcocd001] = '1' or [dcocd002] = '1'  or [dcocd003] = '1' or  [dcocd004] = '1' ,,RH,,,,
dcocd008,obsessive_compulsive_disorder,Obsessive Compulsive Disorder,,autoAdvance,,radio,"A fear that you would do something or say something bad, even though you didn't want to (insults,  obscenities, stealing)?","0, No | 1, Yes | 9, Unknown",,,,,,[dcocd001] = '1' or [dcocd002] = '1'  or [dcocd003] = '1' or  [dcocd004] = '1' ,,RH,,,,
dcocd009,obsessive_compulsive_disorder,Obsessive Compulsive Disorder,,autoAdvance,,radio,Feelings that the bad things that happened were your fault?,"0, No | 1, Yes | 9, Unknown",,,,,,[dcocd001] = '1' or [dcocd002] = '1'  or [dcocd003] = '1' or  [dcocd004] = '1' ,,RH,,,,
dcocd010,obsessive_compulsive_disorder,Obsessive Compulsive Disorder,,autoAdvance,,radio,Contamination/germs/illness?,"0, No | 1, Yes | 9, Unknown",,,,,,[dcocd001] = '1' or [dcocd002] = '1'  or [dcocd003] = '1' or  [dcocd004] = '1' ,,RH,,,,
dcocd011,obsessive_compulsive_disorder,Obsessive Compulsive Disorder,,autoAdvance,,radio,Forbidden/bad thoughts?,"0, No | 1, Yes | 9, Unknown",,,,,,[dcocd001] = '1' or [dcocd002] = '1'  or [dcocd003] = '1' or  [dcocd004] = '1' ,,RH,,,,
dcocd012,obsessive_compulsive_disorder,Obsessive Compulsive Disorder,,autoAdvance,,radio,Need for symmetry/exactness?,"0, No | 1, Yes | 9, Unknown",,,,,,[dcocd001] = '1' or [dcocd002] = '1'  or [dcocd003] = '1' or  [dcocd004] = '1' ,,RH,,,,
dcocd013,obsessive_compulsive_disorder,Obsessive Compulsive Disorder,,autoAdvance,,radio,Religious obsessions?,"0, No | 1, Yes | 9, Unknown",,,,,,[dcocd001] = '1' or [dcocd002] = '1'  or [dcocd003] = '1' or  [dcocd004] = '1' ,,RH,,,,
dcocd014,obsessive_compulsive_disorder,Obsessive Compulsive Disorder,,autoAdvance,,radio,Any other obsessions?,"0, No | 1, Yes | 9, Unknown",,,,,,[dcocd001] = '1' or [dcocd002] = '1'  or [dcocd003] = '1' or  [dcocd004] = '1' ,,RH,,,,
dcocd015,obsessive_compulsive_disorder,Obsessive Compulsive Disorder,,,,notes,Specify (Other obsessions): ,,,,,,,[dcocd014] = '1',,LH,,,,
cocd4,obsessive_compulsive_disorder,Obsessive Compulsive Disorder,Symptoms: Obsessions,,,descriptive,_NTERVIEWER: Read grouped questions one at a time in a probing fashion then use responses to indicate the appropriate coded answer._,,,,,,,[dcocd001] = '1' or [dcocd002] = '1'  or [dcocd003] = '1' or  [dcocd004] = '1' ,,,,,,
dcocd016,obsessive_compulsive_disorder,Obsessive Compulsive Disorder,Attempts to suppress/neutralize,autoAdvance,,radio,"Did you try not to think about [insert obsession here]? Or keep them out of your head? How? Did you try to think of something else, instead? Could you? Did you try to push the thoughts away? Where did you think the thoughts were coming from?","0, No | 1, Yes | 9, Unknown",,,,,,[dcocd001] = '1' or [dcocd002] = '1'  or [dcocd003] = '1' or  [dcocd004] = '1' ,,,,dcocd016,,
dcocd017,obsessive_compulsive_disorder,Obsessive Compulsive Disorder,"Person recognizes that the obsessions are the product of his/her own mind, not imposed from without",autoAdvance,,radio,"Are these your own thoughts, or does someone else put them in your head?","0, No | 1, Yes | 9, Unknown",,,,,,[dcocd001] = '1' or [dcocd002] = '1'  or [dcocd003] = '1' or  [dcocd004] = '1' ,,,,dcocd016,,
dcocd018,obsessive_compulsive_disorder,Obsessive Compulsive Disorder,,autoAdvance,,radio,Did having to think about [insert obsesssion here] seem silly? Did it make sense to you? Did you think you were thinking about [insert obsesssion here] too much?,"0, No | 1, Yes | 9, Unknown",,,,,,[dcocd001] = '1' or [dcocd002] = '1'  or [dcocd003] = '1' or  [dcocd004] = '1' ,,,,dcocd016,,
dcocd019,obsessive_compulsive_disorder,Obsessive Compulsive Disorder,Marked Distress,autoAdvance,,radio,"Did thoughts about [insert obsession here] upset you? Make you feel bad, nervous? A lot?","0, No | 1, Yes | 9, Unknown",,,,,,[dcocd001] = '1' or [dcocd002] = '1'  or [dcocd003] = '1' or  [dcocd004] = '1' ,,,,dcocd016,,
dcocd020,obsessive_compulsive_disorder,Obsessive Compulsive Disorder,,autoAdvance,,radio,Did trying not to think about [insert obsession here] upset you a lot?,"0, No | 1, Yes | 9, Unknown",,,,,,[dcocd001] = '1' or [dcocd002] = '1'  or [dcocd003] = '1' or  [dcocd004] = '1' ,,,,dcocd016,,
dcocd021,obsessive_compulsive_disorder,Obsessive Compulsive Disorder,Time consumption,autoAdvance,,radio,"How much of the time did you have these thoughts about [insert obsession here]? Every day? Less? (If less, read responses)","1, Less than once/week | 2, 1-2 times/week | 3, 3-5 times/week | 4, 6-7 times/week | 9, Unknown",,,,,,[dcocd001] = '1' or [dcocd002] = '1'  or [dcocd003] = '1' or  [dcocd004] = '1' ,,LH,,,,
dcocd022,obsessive_compulsive_disorder,Obsessive Compulsive Disorder,,autoAdvance,,radio,"For how long? A few minutes? Longer?  How many times in a day? \r\n\r\n _INTERVIEWER: Rate total time during a day, even if intermittent._","1, Less than 1 hour/day | 2, 1-2 hours/day | 3, More than 2 hours/day | 9, Unknown",,,,,,[dcocd001] = '1' or [dcocd002] = '1'  or [dcocd003] = '1' or  [dcocd004] = '1' ,,LH,,,,
dcocd023,obsessive_compulsive_disorder,Obsessive Compulsive Disorder,,autoAdvance,,radio,_INTERVIEWER: Does participant meet criteria for obsessions? ,"0, No | 1, Yes | 9, Unknown",,,,,,[dcocd001] = '1' or [dcocd002] = '1'  or [dcocd003] = '1' or  [dcocd004] = '1' ,,RH,,,,
cocd5,obsessive_compulsive_disorder,Obsessive Compulsive Disorder,Genenral Probes: Compulsions,,,descriptive,"Some people feel like they have to repeat things over and over again to get rid of the thoughts in their head. Now I'm going to ask you some questions about this.  \r\n\r\n _INTERVIEWER: Behavior is designed to neutralize/prevent discomfort or something dreaded from happening, but activity is either not appropriate or is excessive._",,,,,,,,,,,,,
dcocd024,obsessive_compulsive_disorder,Obsessive Compulsive Disorder,,autoAdvance,,radio,Have you ever saved up so many things that they got in the way? (Hoarding),"0, No | 1, Yes | 9, Unknown",,,,,,,,,,dcocd024,,
dcocd025,obsessive_compulsive_disorder,Obsessive Compulsive Disorder,,autoAdvance,,radio,"Have you ever had to do something over and over again that you couldn't keep yourself from doing?  Things like washing your hands over and over again, counting things, or having to check on things?","0, No | 1, Yes | 9, Unknown",,,,,,,,,,dcocd024,,
dcocd026,obsessive_compulsive_disorder,Obsessive Compulsive Disorder,,autoAdvance,,radio,"What about having to do something exactly the same way each time, and feeling you have to start over if you make a mistake?","0, No | 1, Yes | 9, Unknown",,,,,,,,,,dcocd024,,
dcocd027,obsessive_compulsive_disorder,Obsessive Compulsive Disorder,,,,notes,What did you have to do? ,,,,,,,[dcocd024] = '1' or [dcocd025] = '1' or [dcocd026] = '1'  ,,LH,,,,
dcocd028,obsessive_compulsive_disorder,Obsessive Compulsive Disorder,,autoAdvance,,radio,"I would like to ask you about some things that people sometimes do. Do you often: \r\n\r\n Clean/wash (hands, house)?","0, No | 1, Yes | 9, Unknown",,,,,,[dcocd024] = '1' or [dcocd025] = '1' or [dcocd026] = '1'  ,,,,dcocd028,,
dcocd029,obsessive_compulsive_disorder,Obsessive Compulsive Disorder,,autoAdvance,,radio,Count?,"0, No | 1, Yes | 9, Unknown",,,,,,[dcocd024] = '1' or [dcocd025] = '1' or [dcocd026] = '1'  ,,,,dcocd028,,
dcocd030,obsessive_compulsive_disorder,Obsessive Compulsive Disorder,,autoAdvance,,radio,"Check (doors, locks, ovens)?","0, No | 1, Yes | 9, Unknown",,,,,,[dcocd024] = '1' or [dcocd025] = '1' or [dcocd026] = '1'  ,,,,dcocd028,,
dcocd031,obsessive_compulsive_disorder,Obsessive Compulsive Disorder,,autoAdvance,,radio,Go in and out a door over and over again?,"0, No | 1, Yes | 9, Unknown",,,,,,[dcocd024] = '1' or [dcocd025] = '1' or [dcocd026] = '1'  ,,,,dcocd028,,
dcocd032,obsessive_compulsive_disorder,Obsessive Compulsive Disorder,,autoAdvance,,radio,Order/arrange things?,"0, No | 1, Yes | 9, Unknown",,,,,,[dcocd024] = '1' or [dcocd025] = '1' or [dcocd026] = '1'  ,,,,dcocd028,,
dcocd033,obsessive_compulsive_disorder,Obsessive Compulsive Disorder,,autoAdvance,,radio,Dress?,"0, No | 1, Yes | 9, Unknown",,,,,,[dcocd024] = '1' or [dcocd025] = '1' or [dcocd026] = '1'  ,,,,dcocd028,,
dcocd034,obsessive_compulsive_disorder,Obsessive Compulsive Disorder,,autoAdvance,,radio,"Do things over and over again at bedtime, like arranging the pillows, sheets etc.?","0, No | 1, Yes | 9, Unknown",,,,,,[dcocd024] = '1' or [dcocd025] = '1' or [dcocd026] = '1'  ,,,,dcocd028,,
dcocd035,obsessive_compulsive_disorder,Obsessive Compulsive Disorder,,autoAdvance,,radio,Save up things you don't need or avoid throwing things away (Hoarding)?,"0, No | 1, Yes | 9, Unknown",,,,,,[dcocd024] = '1' or [dcocd025] = '1' or [dcocd026] = '1'  ,,,,dcocd028,,
dcocd036,obsessive_compulsive_disorder,Obsessive Compulsive Disorder,,autoAdvance,,radio,Other compulsions?,"0, No | 1, Yes | 9, Unknown",,,,,,[dcocd024] = '1' or [dcocd025] = '1' or [dcocd026] = '1'  ,,,,dcocd028,,
dcocd037,obsessive_compulsive_disorder,Obsessive Compulsive Disorder,,,,notes,Specify (Other compulsions):,,,,,,,[dcocd036] = '1',,LH,,,,
dcocd038,obsessive_compulsive_disorder,Obsessive Compulsive Disorder,Symptoms: Compulsions,,,notes,What did you imagine might happen if you didn't do (insert compulsion)? ,,,,,,,[dcocd024] = '1' or [dcocd025] = '1' or [dcocd026] = '1'  ,,LH,,,,
dcocd039,obsessive_compulsive_disorder,Obsessive Compulsive Disorder,,,,notes,How would you feel if you didn't do it?  ,,,,,,,[dcocd024] = '1' or [dcocd025] = '1' or [dcocd026] = '1'  ,,LH,,,,
dcocd040,obsessive_compulsive_disorder,Obsessive Compulsive Disorder,Recognizes that behavior is excessive/unreasonable (may not be present for children),autoAdvance,,radio, Did having to do [insert compulsion here] seem silly? Did it make sense to you? Did you think you were doing [insert compulsion here] too much?,"0, No | 1, Yes | 9, Unknown",,,,,,[dcocd024] = '1' or [dcocd025] = '1' or [dcocd026] = '1'  ,,,,dcocd040,,
dcocd041,obsessive_compulsive_disorder,Obsessive Compulsive Disorder,,autoAdvance,,radio,"Did having to do [insert compulsion here] upset you? Make you feel bad, nervous?","0, No | 1, Yes | 9, Unknown",,,,,,[dcocd024] = '1' or [dcocd025] = '1' or [dcocd026] = '1'  ,,,,dcocd040,,
dcocd042,obsessive_compulsive_disorder,Obsessive Compulsive Disorder,,autoAdvance,,radio,How about trying not to think about [insert compulsion here]? Did it upset you a lot?,"0, No | 1, Yes | 9, Unknown",,,,,,[dcocd024] = '1' or [dcocd025] = '1' or [dcocd026] = '1'  ,,,,dcocd040,,
dcocd043,obsessive_compulsive_disorder,Obsessive Compulsive Disorder,,autoAdvance,,radio,How much of the time would you do [insert compulsion here]?  Every day? Less? (If less read responses),"1, Less than once/week | 2, 1-2 times/week | 3, 3-5 times/week | 4, 6-7 times/week | 9, Unknown",,,,,,[dcocd024] = '1' or [dcocd025] = '1' or [dcocd026] = '1'  ,,LH,,,,
dcocd044,obsessive_compulsive_disorder,Obsessive Compulsive Disorder,,autoAdvance,,radio,"For how long? A few minutes? Longer?  How many times in a day? \r\n\r\n  _INTERVIEWER: Rate total times during the day, even if intermittent._","1, Less than 1 hour/day | 2, 1-2 hours/day | 3, More than 2 hours/day | 9, Unknown",,,,,,[dcocd024] = '1' or [dcocd025] = '1' or [dcocd026] = '1'  ,,LH,,,,
dcocd045,obsessive_compulsive_disorder,Obsessive Compulsive Disorder,,autoAdvance,,radio,_INTERVIEWER: Does participant meet criteria for compulsions? _,"0, No | 1, Yes | 9, Unknown",,,,,,[dcocd024] = '1' or [dcocd025] = '1' or [dcocd026] = '1'  ,,RH,,,,
dcocd046,obsessive_compulsive_disorder,Obsessive Compulsive Disorder,Associated Conditions (Episode): Medical,autoAdvance,,radio,Just before you began having (insert obsessions/compulsions) were you taking any drugs or medicines?,"0, No | 1, Yes | 9, Unknown",,,,,,,,,,dcocd046,,
dcocd047,obsessive_compulsive_disorder,Obsessive Compulsive Disorder,,autoAdvance,,radio,"Did you have these (insert obsessions/compulsions) only when you had a serious physical problem or illness? (e.g., PANDAS)","0, No | 1, Yes | 9, Unknown",,,,,,,,,,dcocd046,,
dcocd048,obsessive_compulsive_disorder,Obsessive Compulsive Disorder,,,,notes,Specify (Physical problem/illness):,,,,,,,[dcocd047] = '1',,LH,,,,
dcocd049,obsessive_compulsive_disorder,Obsessive Compulsive Disorder,,autoAdvance,,radio,Did you have these worries only when you were using a specific kind of medicine that your doctor told you to take?,"0, No | 1, Yes | 9, Unknown",,,,,,,,RH,,,,
dcocd050,obsessive_compulsive_disorder,Obsessive Compulsive Disorder,,dontKnow,,text,Specify (Medication 1):,,MEDICATION,,,,,[dcocd049] = '1',,,,,,
dcocd051,obsessive_compulsive_disorder,Obsessive Compulsive Disorder,,dontKnow,,text,Specify (Medication 2):,,MEDICATION,,,,,[dcocd049] = '1',,,,,,
dcocd052,obsessive_compulsive_disorder,Obsessive Compulsive Disorder,,dontKnow,,text,Specify (Medication 3):,,MEDICATION,,,,,[dcocd049] = '1',,,,,,
cocd11,obsessive_compulsive_disorder,Obsessive Compulsive Disorder,Distress/Impairment,,,descriptive,"Please look at Participant Card 8: Distress/Impairment. \r\n\r\n _INTERVIEWER: Remind child how to use scale, if necessary._",,,,,,,,,,,,,
dcocd053,obsessive_compulsive_disorder,Obsessive Compulsive Disorder,Distress,,,dropdown,How much did having thoughts/behaviors upset or bother you? How much did you ever feel upset or disappointed with yourself because of your thoughts/behaivors?,"0, 0 | 1, 1 | 2, 2 | 3, 3 | 4, 4 | 5, 5 | 6, 6 | 7, 7 | 8, 8 | 9, 9 | 10, 10 | 998, Unknown ",CODE RESPONSE,autocomplete,0,10,,,,,,,,
dcocd054,obsessive_compulsive_disorder,Obsessive Compulsive Disorder,Impairment,,,dropdown,"How much did the thoughts/behaviors you have told me about cause problems for you at home, at school, or with your family or friends?  ","0, 0 | 1, 1 | 2, 2 | 3, 3 | 4, 4 | 5, 5 | 6, 6 | 7, 7 | 8, 8 | 9, 9 | 10, 10 | 998, Unknown ",CODE RESPONSE,autocomplete,0,10,,,,,,,,
dcocd055,obsessive_compulsive_disorder,Obsessive Compulsive Disorder,,autoAdvance,,radio,Did you stay home from school because of your behaviors/thoughts?,"0, No | 1, Yes | 9, Unknown",,,,,,,,RH,,,,
dcocd056,obsessive_compulsive_disorder,Obsessive Compulsive Disorder,,,,text,How many days of school did you miss? (lifetime),,DAYS,number,,,,[dcocd055] = '1',,,,,,
cocd15a,obsessive_compulsive_disorder,Obsessive Compulsive Disorder,Episodes: Onset,,,text,"How old were you the **first time** you had these  (insert obsessions/compulsions)? (record age or ""always"")",,,,,,,,,,,,,
dcocd059,obsessive_compulsive_disorder,Obsessive Compulsive Disorder,Episodes: Offset,autoAdvance,,radio,Do you have these  (insert obsessions/compulsions) **now**?,"0, No | 1, Yes | 9, Unknown",,,,,,,,RH,,,,
dcocd060,obsessive_compulsive_disorder,Obsessive Compulsive Disorder,,,,text,How old were you the **last time** you had these thoughts/behaviors?,,AGE,autocomplete,,,,[dcocd059] = '0',,,,,,
dcocd061,obsessive_compulsive_disorder,Obsessive Compulsive Disorder,Episodes: Course,autoAdvance,,radio,"Since you were (age of onset), was there ever a time when did not have (insert obsessions/compulsions)?","0, No | 1, Yes | 9, Unknown",,,,,,,,RH,,,,
cocd17a,obsessive_compulsive_disorder,Obsessive Compulsive Disorder,,,,text,"What was the longest period of time that you did not have (insert obsessions/compulsions)? \r\n\r\n _(N weeks, N months, N years)_",,,,,,,[dcocd061] = '1',,,,,,
dcocd065,obsessive_compulsive_disorder,Obsessive Compulsive Disorder,Help-Seeking Treatment (Lifetime),autoAdvance,,radio,"Did anyone, like a teacher or family member, suggest that you get help for these symptoms? ","0, No | 1, Yes | 9, Unknown",,,,,,,,,,dcocd065,,
dcocd066,obsessive_compulsive_disorder,Obsessive Compulsive Disorder,,autoAdvance,,radio,"Did you ever go to see a doctor, nurse, psychologist, social worker, school counselor, minister/priest or other professional to get help for (list symptoms)?","0, No | 1, Yes | 9, Unknown",,,,,,,,,,dcocd065,,
cocd20,obsessive_compulsive_disorder,Obsessive Compulsive Disorder,,,,descriptive,"What kind of person/people did you get help from? \r\n\r\n _INTERVIEWER: Refer to Participant Card 13 (Professional/Treatment), record and code responses on the following screens._",,,,,,,[dcocd066] = '1',,,,,,
dcocd067,obsessive_compulsive_disorder,Obsessive Compulsive Disorder,,dontKnow,,text,Specify (Professional/Treatment 1):,,PROFESSIONAL/TREATMENT,,,,,[dcocd066] = '1',,,,,,
dcocd068,obsessive_compulsive_disorder,Obsessive Compulsive Disorder,,dontKnow,,text,Code (Professional/Treatment 1):,,CODE RESPONSE,number,,,,[dcocd066] = '1',,,,,,
dcocd069,obsessive_compulsive_disorder,Obsessive Compulsive Disorder,,dontKnow,,text,Specify (Professional/Treatment 2):,,PROFESSIONAL/TREATMENT,,,,,[dcocd066] = '1',,,,,,
dcocd070,obsessive_compulsive_disorder,Obsessive Compulsive Disorder,,dontKnow,,text,Code (Professional/Treatment 2):,,CODE RESPONSE,number,,,,[dcocd066] = '1',,,,,,
dcocd071,obsessive_compulsive_disorder,Obsessive Compulsive Disorder,,dontKnow,,text,Specify (Professional/Treatment 3):,,PROFESSIONAL/TREATMENT,,,,,[dcocd066] = '1',,,,,,
dcocd072,obsessive_compulsive_disorder,Obsessive Compulsive Disorder,,dontKnow,,text,Code (Professional/Treatment 3):,,CODE RESPONSE,number,,,,[dcocd066] = '1',,,,,,
dcocd074,obsessive_compulsive_disorder,Obsessive Compulsive Disorder,,,,text,"_INTERVIEWER: If you listed multiple people, ask this question. If not, **Skip**:_ \r\n\r\n Who did you get help from the first time? \r\n\r\n Specify (Professional/Treatment):",,PROFESSIONAL/TREATMENT,,,,,[dcocd066] = '1',,,,,,
dcocd075,obsessive_compulsive_disorder,Obsessive Compulsive Disorder,,,,text,Code (Professional/Treatment):,,CODE RESPONSE,number,,,,[dcocd066] = '1',,,,,,
dcocd076,obsessive_compulsive_disorder,Obsessive Compulsive Disorder,,,,text,How old were you the first time you got help?,,AGE,autocomplete,,,,[dcocd066] = '1',,,,,,
dcocd077,obsessive_compulsive_disorder,Obsessive Compulsive Disorder,,autoAdvance,,radio,Are you getting help now?,"0, No | 1, Yes | 9, Unknown",,,,,,[dcocd066] = '1',,RH,,,,
dcocd078,obsessive_compulsive_disorder,Obsessive Compulsive Disorder,,,,text,"If no, how old were you the last time you got help?",,AGE,autocomplete,,,,[dcocd077] = '0',,,,,,
dcocd079,obsessive_compulsive_disorder,Obsessive Compulsive Disorder,,,,notes,What did the professional say that you had (diagnoses given)? List:,,,,,,,[dcocd066] = '1',,LH,,,,
cocd22,obsessive_compulsive_disorder,Obsessive Compulsive Disorder,,,1,checkbox,What kind of treatment(s) have you gotten? _(Check all that apply)_,"1, Out-patient (Going to see someone in an office) | 2, In-patient (Staying in a hospital) | 3, Self Help | 4, Other",,,,,,[dcocd066] = '1',,,,,,
dcocd084,obsessive_compulsive_disorder,Obsessive Compulsive Disorder,,,,notes,Specify (Other treatment):,,,,,,,[cocd22] .includes(4),,LH,,,,
dcocd085,obsessive_compulsive_disorder,Obsessive Compulsive Disorder,,autoAdvance,,radio,"Were you on medications? \r\n\r\n _INTERVIEWER: Refer to Participant Card 9 (Medications), record and code responses in the following screens._","0, No | 1, Yes | 9, Unknown",,,,,,[dcocd066] = '1',,RH,,,,
dcocd086,obsessive_compulsive_disorder,Obsessive Compulsive Disorder,,dontKnow,,text,Specify (Medication 1):,,MEDICATION,,,,,[dcocd085] = '1',,,,,,
dcocd087,obsessive_compulsive_disorder,Obsessive Compulsive Disorder,,dontKnow,,text,Code (Medication 1):,,CODE RESPONSE,number,,,,[dcocd085] = '1',,,,,,
dcocd088,obsessive_compulsive_disorder,Obsessive Compulsive Disorder,,dontKnow,,text,Specify (Medication 2):,,MEDICATION,,,,,[dcocd085] = '1',,,,,,
dcocd089,obsessive_compulsive_disorder,Obsessive Compulsive Disorder,,dontKnow,,text,Code (Medication 2):,,CODE RESPONSE,number,,,,[dcocd085] = '1',,,,,,
dcocd090,obsessive_compulsive_disorder,Obsessive Compulsive Disorder,,dontKnow,,text,Specify (Medication 3):,,MEDICATION,,,,,[dcocd085] = '1',,,,,,
dcocd091,obsessive_compulsive_disorder,Obsessive Compulsive Disorder,,dontKnow,,text,Code (Medication 3):,,CODE RESPONSE,number,,,,[dcocd085] = '1',,,,,,
dcocd092,obsessive_compulsive_disorder,Obsessive Compulsive Disorder,,dontKnow,,text,Specify (Medication 4):,,MEDICATION,,,,,[dcocd085] = '1',,,,,,
dcocd093,obsessive_compulsive_disorder,Obsessive Compulsive Disorder,,dontKnow,,text,Code (Medication 4):,,CODE RESPONSE,number,,,,[dcocd085] = '1',,,,,,
dcocd094,obsessive_compulsive_disorder,Obsessive Compulsive Disorder,,autoAdvance,,radio,"Because of the number of toys/stuff you collect or save, how difficult is it for you to use/play in _(if  under 12 years of age)_ your room, playroom, closet, or other room in your home?","1, mild problem: occasionally (less than weekly) acquires items not needed or acquires a few unneeded items | 2, moderate: regularly (several times weekly) acquires items not needed or acquires some unneeded items | 3, severe: very often (daily) acquires items not needed or acquires large numbers of unneeded items | 9, Unknown",,,,,,[dcocd024] = '1' or [dcocd035] = '1',,LV,,,,
dcocd095,obsessive_compulsive_disorder,Obsessive Compulsive Disorder,,autoAdvance,,radio,How much more difficult is it to throw away (or give away) toys and/or other stuff you collect than it is for other children your age?,"1, mild problem: occasionally (less than weekly) acquires items not needed or acquires a few unneeded items | 2, moderate: regularly (several times weekly) acquires items not needed or acquires some unneeded items | 3, severe: very often (daily) acquires items not needed or acquires large numbers of unneeded items | 9, Unknown",,,,,,[dcocd024] = '1' or [dcocd035] = '1',,LV,,,,
dcocd096,obsessive_compulsive_disorder,Obsessive Compulsive Disorder,,autoAdvance,,radio,"How much does your family get upset due to your clutter, difficulty throwing things away or problems with keeping things?","1, mild problem: occasionally (less than weekly) acquires items not needed or acquires a few unneeded items | 2, moderate: regularly (several times weekly) acquires items not needed or acquires some unneeded items | 3, severe: very often (daily) acquires items not needed or acquires large numbers of unneeded items | 9, Unknown",,,,,,[dcocd024] = '1' or [dcocd035] = '1',,LV,,,,
cocd_end,obsessive_compulsive_disorder,Obsessive Compulsive Disorder,,,,descriptive,_INTERVIEWER: END of **Obsessive Compulsive Disorder** section_,,,,,,,,,,,,,